model_name,sample_name,outcome_name,spec_name,term,estimate,std_error,t_value,p_value,nobs
bosman_selection,all_comps_full,played_any,player_month,BosmanTRUE,-0.008174966372736108,0.003853292289225592,-2.121553663498249,0.03390515497754308,232055
expiry_selection,all_comps_full,played_any,player_month,expiry_bin_6m::0:6,-0.020331628887462223,0.005196378009194659,-3.9126539392412765,9.202523628429603e-5,232055
expiry_selection,all_comps_full,played_any,player_month,expiry_bin_6m::6:12,0.008444356487722675,0.005174702943994609,1.631853379626862,0.1027487855912722,232055
expiry_selection,all_comps_full,played_any,player_month,expiry_bin_6m::12:18,-0.006841942767596954,0.004312184864610581,-1.5866533978512136,0.1126297334257794,232055
expiry_selection,all_comps_full,played_any,player_month,expiry_bin_6m::18:24,0.02051821342319026,0.004521315157538249,4.53810732237519,5.756996731458955e-6,232055
expiry_selection,all_comps_full,played_any,player_month,expiry_bin_6m::30:36,0.021434079311072465,0.004228239439857298,5.069268099868029,4.080834585672617e-7,232055
expiry_selection,all_comps_full,played_any,player_month,expiry_bin_6m::36:48,0.01648201794025439,0.004542018091810115,3.6287873819731673,2.864882312764567e-4,232055
expiry_selection,all_comps_full,played_any,player_month,expiry_bin_6m::48+,0.0035706057645251395,0.006011811787724815,0.5939317281714909,0.5525741646182373,232055
bosman_selection,all_comps_full,minutes_any,player_month,BosmanTRUE,3.4317512441309153,1.571270711939249,2.184061102937174,0.028985997869718994,232055
expiry_selection,all_comps_full,minutes_any,player_month,expiry_bin_6m::0:6,0.5606066310568868,2.264724045548357,0.2475386050494056,0.8044976175118057,232055
expiry_selection,all_comps_full,minutes_any,player_month,expiry_bin_6m::6:12,6.424039831961947,2.216619883039541,2.8981242481471288,0.0037639683271254686,232055
expiry_selection,all_comps_full,minutes_any,player_month,expiry_bin_6m::12:18,-0.07250728257174473,1.8338555839274893,-0.03953816385936946,0.9684622896992405,232055
expiry_selection,all_comps_full,minutes_any,player_month,expiry_bin_6m::18:24,9.630964578850106,1.873940525311668,5.139418486746432,2.819499772819654e-7,232055
expiry_selection,all_comps_full,minutes_any,player_month,expiry_bin_6m::30:36,7.370605441313743,1.7195506166873418,4.28635561511587,1.837063242704556e-5,232055
expiry_selection,all_comps_full,minutes_any,player_month,expiry_bin_6m::36:48,-0.08841502330549705,2.0297416752368913,-0.04355974180565521,0.9652564034725348,232055
expiry_selection,all_comps_full,minutes_any,player_month,expiry_bin_6m::48+,-9.373913497333094,2.9243743243921214,-3.205442415201622,0.0013537203277659874,232055
bosman_selection,all_comps_full,played_tm,player_month,BosmanTRUE,0.015135389606733187,0.004983708878804136,3.0369730605863547,0.0023971804599326758,232055
expiry_selection,all_comps_full,played_tm,player_month,expiry_bin_6m::0:6,0.06357022516047306,0.006902090158299917,9.210286116594471,4.065376723957485e-20,232055
expiry_selection,all_comps_full,played_tm,player_month,expiry_bin_6m::6:12,0.14481311382324974,0.006764389443969626,21.408157384011787,5.545870996568821e-99,232055
expiry_selection,all_comps_full,played_tm,player_month,expiry_bin_6m::12:18,0.01918732699570134,0.005667193245752811,3.3856842644427165,7.133440000053433e-4,232055
expiry_selection,all_comps_full,played_tm,player_month,expiry_bin_6m::18:24,0.11597306818318515,0.005902705608458314,19.647442355417642,5.099839147923983e-84,232055
expiry_selection,all_comps_full,played_tm,player_month,expiry_bin_6m::30:36,0.09668401827795424,0.005051472965736097,19.13976753587664,6.407384712517232e-80,232055
expiry_selection,all_comps_full,played_tm,player_month,expiry_bin_6m::36:48,0.04561589912222287,0.0059535497719480305,7.661966535856662,2.0401880175834703e-14,232055
expiry_selection,all_comps_full,played_tm,player_month,expiry_bin_6m::48+,0.0394919542886845,0.007587943270099862,5.204566360465787,1.991638459073108e-7,232055
bosman_selection,all_comps_full,Minutes_tm,player_month,BosmanTRUE,6.53711255518522,1.6992515983254526,3.847053939291447,1.204531098903827e-4,232055
expiry_selection,all_comps_full,Minutes_tm,player_month,expiry_bin_6m::0:6,18.182016284204217,2.4429221013616695,7.442732731457001,1.0861462513201699e-13,232055
expiry_selection,all_comps_full,Minutes_tm,player_month,expiry_bin_6m::6:12,36.378073560636906,2.3854088235785684,15.250246918288353,8.394950467884345e-52,232055
expiry_selection,all_comps_full,Minutes_tm,player_month,expiry_bin_6m::12:18,5.555295727731401,1.9867353776288212,2.7961930865506983,0.00518288835729674,232055
expiry_selection,all_comps_full,Minutes_tm,player_month,expiry_bin_6m::18:24,31.50655165617554,2.087372024009655,15.093884220817653,8.520985469438894e-51,232055
expiry_selection,all_comps_full,Minutes_tm,player_month,expiry_bin_6m::30:36,24.87617081238022,1.838809990100284,13.528407473478833,2.9406247545380793e-41,232055
expiry_selection,all_comps_full,Minutes_tm,player_month,expiry_bin_6m::36:48,7.857748393266549,2.1833257365103615,3.5989812522549625,3.2135076668440897e-4,232055
expiry_selection,all_comps_full,Minutes_tm,player_month,expiry_bin_6m::48+,-0.8037451227176186,3.0169729842357373,-0.266407795799744,0.789931861998571,232055
bosman_selection,all_comps_full,Matches_tm,player_month,BosmanTRUE,0.07392305342404487,0.02094156203881379,3.5299684563660256,4.178894031790181e-4,232055
expiry_selection,all_comps_full,Matches_tm,player_month,expiry_bin_6m::0:6,0.235160983416118,0.029773963089133045,7.898209006040834,3.1959962496557405e-15,232055
expiry_selection,all_comps_full,Matches_tm,player_month,expiry_bin_6m::6:12,0.5164345173281214,0.02943103636293438,17.54727597627252,1.0671457426482773e-67,232055
expiry_selection,all_comps_full,Matches_tm,player_month,expiry_bin_6m::12:18,0.06068453701420367,0.02421987702410347,2.505567511916382,0.012244736191054229,232055
expiry_selection,all_comps_full,Matches_tm,player_month,expiry_bin_6m::18:24,0.4522321416202638,0.02632133529096026,17.181200597204406,5.008385031929561e-65,232055
expiry_selection,all_comps_full,Matches_tm,player_month,expiry_bin_6m::30:36,0.39880843366066066,0.023427541360200844,17.02305963433978,6.881062168478053e-64,232055
expiry_selection,all_comps_full,Matches_tm,player_month,expiry_bin_6m::36:48,0.18365815417561082,0.02704009787529556,6.79206691568247,1.1824967048821742e-11,232055
expiry_selection,all_comps_full,Matches_tm,player_month,expiry_bin_6m::48+,0.15322401808703034,0.03644498157345933,4.20425560589703,2.6472624885106963e-5,232055
bosman_selection,all_comps_full,played_fotmob,player_month,BosmanTRUE,0.002685965971011467,0.003472017227333053,0.7736038720852281,0.43918791429555026,169039
expiry_selection,all_comps_full,played_fotmob,player_month,expiry_bin_6m::0:6,0.0013681193053171835,0.0047403037391176355,0.28861427043741433,0.7728840429711724,169039
expiry_selection,all_comps_full,played_fotmob,player_month,expiry_bin_6m::6:12,-0.005626270529640494,0.004600380323198899,-1.223001172591799,0.22136523811349829,169039
expiry_selection,all_comps_full,played_fotmob,player_month,expiry_bin_6m::12:18,0.006799959105839697,0.0037228852499933745,1.8265293312093889,0.06780777189995356,169039
expiry_selection,all_comps_full,played_fotmob,player_month,expiry_bin_6m::18:24,-0.005558148196781189,0.003990383974490365,-1.3928855549524033,0.16369306255416513,169039
expiry_selection,all_comps_full,played_fotmob,player_month,expiry_bin_6m::30:36,-0.0064904595208623,0.0035382620354607805,-1.8343637231540035,0.06663709672365578,169039
expiry_selection,all_comps_full,played_fotmob,player_month,expiry_bin_6m::36:48,-0.005146590341987828,0.003939988235459997,-1.3062451038986311,0.19150673097627818,169039
expiry_selection,all_comps_full,played_fotmob,player_month,expiry_bin_6m::48+,-0.024052480554450494,0.00509261026717959,-4.723016153319609,2.363261087502527e-6,169039
bosman_selection,all_comps_full,fotmob_minutes,player_month,BosmanTRUE,5.118928695347463,1.7455036217646813,2.932637109152654,0.003370484446722762,169039
expiry_selection,all_comps_full,fotmob_minutes,player_month,expiry_bin_6m::0:6,-0.010446790444499416,2.4736062598604835,-0.004223303689847808,0.9966304063918112,169039
expiry_selection,all_comps_full,fotmob_minutes,player_month,expiry_bin_6m::6:12,-6.228497780736801,2.385156736506851,-2.611357855609382,0.009035163321561809,169039
expiry_selection,all_comps_full,fotmob_minutes,player_month,expiry_bin_6m::12:18,1.4917223869647749,1.9764473295121223,0.754749375149299,0.45042156672806066,169039
expiry_selection,all_comps_full,fotmob_minutes,player_month,expiry_bin_6m::18:24,-3.0938785851635675,2.0014264924149696,-1.5458367303964378,0.12218351397677334,169039
expiry_selection,all_comps_full,fotmob_minutes,player_month,expiry_bin_6m::30:36,-5.20031815575667,1.7620930079656985,-2.9512166112958673,0.003174422384533458,169039
expiry_selection,all_comps_full,fotmob_minutes,player_month,expiry_bin_6m::36:48,-8.710145035057726,2.104517274240573,-4.138785241475783,3.5272675962387264e-5,169039
expiry_selection,all_comps_full,fotmob_minutes,player_month,expiry_bin_6m::48+,-21.48129864119458,2.9369181370655415,-7.314231326399138,2.838729713969715e-13,169039
bosman_selection,all_comps_full,played_any,player_leaguemonth,BosmanTRUE,-0.005350774176137403,0.003485309939697981,-1.5352362540822047,0.12476439626144255,232055
expiry_selection,all_comps_full,played_any,player_leaguemonth,expiry_bin_6m::0:6,0.009320988674560278,0.004668805579585021,1.996439670848054,0.045919099419813855,232055
expiry_selection,all_comps_full,played_any,player_leaguemonth,expiry_bin_6m::6:12,0.04488066777236259,0.0050127458077100905,8.953310120639223,4.2115991909847516e-19,232055
expiry_selection,all_comps_full,played_any,player_leaguemonth,expiry_bin_6m::12:18,0.007625115730075771,0.003674099382596629,2.075370025697782,0.03798336237208349,232055
expiry_selection,all_comps_full,played_any,player_leaguemonth,expiry_bin_6m::18:24,0.03306153618071092,0.004367796105566928,7.569386340761808,4.1571669934424904e-14,232055
expiry_selection,all_comps_full,played_any,player_leaguemonth,expiry_bin_6m::30:36,0.028269622517269388,0.003954813998712034,7.148154761886645,9.550332482378204e-13,232055
expiry_selection,all_comps_full,played_any,player_leaguemonth,expiry_bin_6m::36:48,0.00902984695350096,0.0039447348756947425,2.289088427498092,0.022099522795912138,232055
expiry_selection,all_comps_full,played_any,player_leaguemonth,expiry_bin_6m::48+,0.0024111544096855095,0.005213846971190757,0.4624520863401638,0.6437694278502935,232055
bosman_selection,all_comps_full,minutes_any,player_leaguemonth,BosmanTRUE,3.497940992598649,1.5400839699740014,2.271266411959147,0.023156666504062368,232055
expiry_selection,all_comps_full,minutes_any,player_leaguemonth,expiry_bin_6m::0:6,5.780111209105871,2.1818872897002226,2.649133727663825,0.00808531310259028,232055
expiry_selection,all_comps_full,minutes_any,player_leaguemonth,expiry_bin_6m::6:12,7.379490492156648,2.242898649320274,3.2901578028918315,0.0010055396955665947,232055
expiry_selection,all_comps_full,minutes_any,player_leaguemonth,expiry_bin_6m::12:18,2.9442259342569166,1.7371967688680596,1.6948143048731004,0.09014863155583384,232055
expiry_selection,all_comps_full,minutes_any,player_leaguemonth,expiry_bin_6m::18:24,5.740858010649128,1.9001611207604077,3.0212480130904624,0.0025251155700029464,232055
expiry_selection,all_comps_full,minutes_any,player_leaguemonth,expiry_bin_6m::30:36,3.003599955380917,1.7657562733444707,1.7010274864785728,0.0889757492926785,232055
expiry_selection,all_comps_full,minutes_any,player_leaguemonth,expiry_bin_6m::36:48,-3.562265569916789,1.9192876636303413,-1.8560352559025715,0.0634843907589784,232055
expiry_selection,all_comps_full,minutes_any,player_leaguemonth,expiry_bin_6m::48+,-9.835422942373935,2.7564598085734975,-3.5681358065815187,3.615837044246231e-4,232055
bosman_selection,all_comps_full,played_tm,player_leaguemonth,BosmanTRUE,0.030280616728714932,0.004677285251197307,6.4739726363628565,1.009484930409365e-10,232055
expiry_selection,all_comps_full,played_tm,player_leaguemonth,expiry_bin_6m::0:6,0.06379200377549746,0.006318609342360548,10.095892991489425,7.935770004027451e-24,232055
expiry_selection,all_comps_full,played_tm,player_leaguemonth,expiry_bin_6m::6:12,0.08596489888378862,0.006387000879195899,13.459352912224949,7.353238103705369e-41,232055
expiry_selection,all_comps_full,played_tm,player_leaguemonth,expiry_bin_6m::12:18,0.024833154632649148,0.004841610522846418,5.129110347779391,2.9778048160560273e-7,232055
expiry_selection,all_comps_full,played_tm,player_leaguemonth,expiry_bin_6m::18:24,0.05008763693811061,0.005417455571254305,9.245601792081482,2.93369575670487e-20,232055
expiry_selection,all_comps_full,played_tm,player_leaguemonth,expiry_bin_6m::30:36,0.03322556135253131,0.004497668056668556,7.387286241204213,1.6457740278218463e-13,232055
expiry_selection,all_comps_full,played_tm,player_leaguemonth,expiry_bin_6m::36:48,0.007145902893445068,0.005105081665713179,1.399762699476187,0.1616222304380522,232055
expiry_selection,all_comps_full,played_tm,player_leaguemonth,expiry_bin_6m::48+,0.005372027979345008,0.006523361257551202,0.8235061293173893,0.41024418830450815,232055
bosman_selection,all_comps_full,Minutes_tm,player_leaguemonth,BosmanTRUE,9.897122915892696,1.6458534455752072,6.013368287741904,1.8948932883295313e-9,232055
expiry_selection,all_comps_full,Minutes_tm,player_leaguemonth,expiry_bin_6m::0:6,16.979518434172125,2.317325672799461,7.327204213665791,2.573290024883494e-13,232055
expiry_selection,all_comps_full,Minutes_tm,player_leaguemonth,expiry_bin_6m::6:12,17.481471442794945,2.3328339427454035,7.493663017532151,7.395600409657712e-14,232055
expiry_selection,all_comps_full,Minutes_tm,player_leaguemonth,expiry_bin_6m::12:18,6.718092336508863,1.8240535467462997,3.6830565355345106,2.3193666088244802e-4,232055
expiry_selection,all_comps_full,Minutes_tm,player_leaguemonth,expiry_bin_6m::18:24,11.303814909610546,1.9756795999507926,5.7214818181511244,1.0931227696424244e-8,232055
expiry_selection,all_comps_full,Minutes_tm,player_leaguemonth,expiry_bin_6m::30:36,5.796860919632638,1.7510026646773291,3.310595144468767,9.349998661901516e-4,232055
expiry_selection,all_comps_full,Minutes_tm,player_leaguemonth,expiry_bin_6m::36:48,-2.1940082426838967,1.9896189556807224,-1.1027278547078605,0.2701777367703469,232055
expiry_selection,all_comps_full,Minutes_tm,player_leaguemonth,expiry_bin_6m::48+,-8.132481974678784,2.7960508087545044,-2.9085601553504614,0.003640723469230989,232055
bosman_selection,all_comps_full,Matches_tm,player_leaguemonth,BosmanTRUE,0.13590166831392334,0.019850262044928887,6.846341272791505,8.122101542969265e-12,232055
expiry_selection,all_comps_full,Matches_tm,player_leaguemonth,expiry_bin_6m::0:6,0.23183496517068405,0.02757062798372194,8.40876621698869,4.842294824168207e-17,232055
expiry_selection,all_comps_full,Matches_tm,player_leaguemonth,expiry_bin_6m::6:12,0.2334329594122579,0.02807124795050298,8.315731449626387,1.0585896519254697e-16,232055
expiry_selection,all_comps_full,Matches_tm,player_leaguemonth,expiry_bin_6m::12:18,0.08481120568900886,0.021235102092633892,3.993915608177296,6.555897147313316e-5,232055
expiry_selection,all_comps_full,Matches_tm,player_leaguemonth,expiry_bin_6m::18:24,0.1418579618765179,0.023940699786957367,5.925389113053436,3.241431881385985e-9,232055
expiry_selection,all_comps_full,Matches_tm,player_leaguemonth,expiry_bin_6m::30:36,0.09692413631211944,0.021036319237112237,4.607466506836712,4.137610039705759e-6,232055
expiry_selection,all_comps_full,Matches_tm,player_leaguemonth,expiry_bin_6m::36:48,0.015114067536838471,0.023592416235754286,0.640632455184184,0.5217794139507399,232055
expiry_selection,all_comps_full,Matches_tm,player_leaguemonth,expiry_bin_6m::48+,0.01694388439454892,0.0323757563946914,0.523350997208738,0.6007441637066938,232055
bosman_selection,all_comps_full,played_fotmob,player_leaguemonth,BosmanTRUE,-0.00841395436621933,0.00352436155238428,-2.387369809016096,0.01699246495984278,169039
expiry_selection,all_comps_full,played_fotmob,player_leaguemonth,expiry_bin_6m::0:6,-0.011685858351600702,0.00475926729141594,-2.4553902178761673,0.014094272126097273,169039
expiry_selection,all_comps_full,played_fotmob,player_leaguemonth,expiry_bin_6m::6:12,-0.010956737320022841,0.005052211355745303,-2.1687012970197683,0.03013470316286258,169039
expiry_selection,all_comps_full,played_fotmob,player_leaguemonth,expiry_bin_6m::12:18,0.0020560607325527448,0.00369619623948592,0.5562639533551144,0.5780459658276587,169039
expiry_selection,all_comps_full,played_fotmob,player_leaguemonth,expiry_bin_6m::18:24,-0.0037801486757161225,0.004420849398519008,-0.8550729362059877,0.39253634879495725,169039
expiry_selection,all_comps_full,played_fotmob,player_leaguemonth,expiry_bin_6m::30:36,3.342948468527604e-4,0.004071679405011549,0.08210244805651937,0.9345672980893003,169039
expiry_selection,all_comps_full,played_fotmob,player_leaguemonth,expiry_bin_6m::36:48,0.004803661217086028,0.003931172859136332,1.221940980265462,0.22176590954395642,169039
expiry_selection,all_comps_full,played_fotmob,player_leaguemonth,expiry_bin_6m::48+,-0.0035563638949646322,0.005100647511898724,-0.6972377304388105,0.48567426820169557,169039
bosman_selection,all_comps_full,fotmob_minutes,player_leaguemonth,BosmanTRUE,-2.236641223233063,1.7471164089587454,-1.2801901531942377,0.2005153450017163,169039
expiry_selection,all_comps_full,fotmob_minutes,player_leaguemonth,expiry_bin_6m::0:6,-5.353231211085239,2.4320545846834363,-2.2011147466832175,0.027756327974331512,169039
expiry_selection,all_comps_full,fotmob_minutes,player_leaguemonth,expiry_bin_6m::6:12,-7.175402145524013,2.5214194157189684,-2.845778889775856,0.0044415453640304645,169039
expiry_selection,all_comps_full,fotmob_minutes,player_leaguemonth,expiry_bin_6m::12:18,-0.09230017751125676,1.9093524084759381,-0.04834109046686231,0.9614456127214567,169039
expiry_selection,all_comps_full,fotmob_minutes,player_leaguemonth,expiry_bin_6m::18:24,-1.6695138175824278,2.139445049893946,-0.7803490057691301,0.43520853645381274,169039
expiry_selection,all_comps_full,fotmob_minutes,player_leaguemonth,expiry_bin_6m::30:36,-1.4273979723084713,1.966138411517515,-0.7259905833418766,0.46786575764227545,169039
expiry_selection,all_comps_full,fotmob_minutes,player_leaguemonth,expiry_bin_6m::36:48,-4.194652437344258,2.0311774311985173,-2.0651334407891486,0.03894248164354075,169039
expiry_selection,all_comps_full,fotmob_minutes,player_leaguemonth,expiry_bin_6m::48+,-11.540907993507943,2.8362234236492747,-4.0691110218174,4.764607874788513e-5,169039
bosman_selection,all_comps_full,played_any,spell_month,BosmanTRUE,-0.005017457000185173,0.004318208832123926,-1.1619301416965793,0.24529766871498682,232055
expiry_selection,all_comps_full,played_any,spell_month,expiry_bin_6m::0:6,-0.09644318551060235,0.016132110284511624,-5.978336610009236,2.348601788133546e-9,232055
expiry_selection,all_comps_full,played_any,spell_month,expiry_bin_6m::6:12,-0.052187965338424,0.013663720999399841,-3.8194548425510355,1.3473383867680235e-4,232055
expiry_selection,all_comps_full,played_any,spell_month,expiry_bin_6m::12:18,-0.043485090447897515,0.008897421353695726,-4.887381266914496,1.041251224147856e-6,232055
expiry_selection,all_comps_full,played_any,spell_month,expiry_bin_6m::18:24,-0.0018879699707782245,0.006862698988804604,-0.27510604411735756,0.7832417010564787,232055
expiry_selection,all_comps_full,played_any,spell_month,expiry_bin_6m::30:36,0.035544994808270634,0.005166481961079642,6.879922368071674,6.4286054403325465e-12,232055
expiry_selection,all_comps_full,played_any,spell_month,expiry_bin_6m::36:48,0.05463623318491714,0.010008323686049026,5.459079352227248,4.925984813844261e-8,232055
expiry_selection,all_comps_full,played_any,spell_month,expiry_bin_6m::48+,0.07440904101768483,0.017192116957339885,4.328090670993088,1.5219356760892282e-5,232055
bosman_selection,all_comps_full,minutes_any,spell_month,BosmanTRUE,-0.10113212566420773,1.6783348721354716,-0.060257417839104856,0.9519520847232907,232055
expiry_selection,all_comps_full,minutes_any,spell_month,expiry_bin_6m::0:6,-26.810456139349878,6.484494304247395,-4.134548490818909,3.591987769273303e-5,232055
expiry_selection,all_comps_full,minutes_any,spell_month,expiry_bin_6m::6:12,-14.756457141394732,5.456273634936176,-2.7044936029069486,0.0068549843151119415,232055
expiry_selection,all_comps_full,minutes_any,spell_month,expiry_bin_6m::12:18,-12.45964264561929,3.582582438603455,-3.4778383635677756,5.080978611556043e-4,232055
expiry_selection,all_comps_full,minutes_any,spell_month,expiry_bin_6m::18:24,2.0002642688086403,2.725902564175913,0.7337988874203779,0.46309230331220375,232055
expiry_selection,all_comps_full,minutes_any,spell_month,expiry_bin_6m::30:36,12.467306074082364,2.0873414337822016,5.972815885464397,2.4291485312484235e-9,232055
expiry_selection,all_comps_full,minutes_any,spell_month,expiry_bin_6m::36:48,12.960520029510361,4.01724693972365,3.226219404476521,0.0012592967048365088,232055
expiry_selection,all_comps_full,minutes_any,spell_month,expiry_bin_6m::48+,14.427928849421793,6.792507235726708,2.124094733905454,0.03369207389109587,232055
bosman_selection,all_comps_full,played_tm,spell_month,BosmanTRUE,0.009110773479543616,0.005157366741676379,1.7665552860377347,0.07733994149650257,232055
expiry_selection,all_comps_full,played_tm,spell_month,expiry_bin_6m::0:6,0.2505658185704744,0.020026257684118327,12.51186429949834,1.357627777153965e-35,232055
expiry_selection,all_comps_full,played_tm,spell_month,expiry_bin_6m::6:12,0.29494981478845156,0.017392943834770094,16.958015709728205,2.0085226581184238e-63,232055
expiry_selection,all_comps_full,played_tm,spell_month,expiry_bin_6m::12:18,0.11107702015065059,0.01109149965515374,10.014607907329998,1.7932188452074287e-23,232055
expiry_selection,all_comps_full,played_tm,spell_month,expiry_bin_6m::18:24,0.16831673448710963,0.008975306289036524,18.753313710609646,7.271032154509344e-77,232055
expiry_selection,all_comps_full,played_tm,spell_month,expiry_bin_6m::30:36,0.060657105147112894,0.00569399398142877,10.65282213942426,2.513424313428448e-26,232055
expiry_selection,all_comps_full,played_tm,spell_month,expiry_bin_6m::36:48,-0.05048329293041679,0.012220547559528554,-4.131017262892952,3.647502790905779e-5,232055
expiry_selection,all_comps_full,played_tm,spell_month,expiry_bin_6m::48+,-0.1262328230779321,0.021018139443056378,-6.005899019745765,1.983830938894687e-9,232055
bosman_selection,all_comps_full,Minutes_tm,spell_month,BosmanTRUE,2.255992055822239,1.7389008584472518,1.2973666927950813,0.1945415538218344,232055
expiry_selection,all_comps_full,Minutes_tm,spell_month,expiry_bin_6m::0:6,57.02016436654091,7.002700729414345,8.142596202495385,4.4384693500162526e-16,232055
expiry_selection,all_comps_full,Minutes_tm,spell_month,expiry_bin_6m::6:12,67.64700653869595,5.977390347735747,11.317147216982548,1.7844319652289878e-29,232055
expiry_selection,all_comps_full,Minutes_tm,spell_month,expiry_bin_6m::12:18,25.398343956691946,3.8951179429308973,6.520558383292717,7.419174879934076e-11,232055
expiry_selection,all_comps_full,Minutes_tm,spell_month,expiry_bin_6m::18:24,42.30278023538464,3.07984942412306,13.735340404646474,1.8370613428621204e-42,232055
expiry_selection,all_comps_full,Minutes_tm,spell_month,expiry_bin_6m::30:36,17.02584997554176,2.106561646107649,8.082293725892564,7.262890610627878e-16,232055
expiry_selection,all_comps_full,Minutes_tm,spell_month,expiry_bin_6m::36:48,-12.732691266130963,4.277665756981644,-2.9765512289850466,0.002923618969393716,232055
expiry_selection,all_comps_full,Minutes_tm,spell_month,expiry_bin_6m::48+,-35.84615267759932,7.296749099290023,-4.91261960495355,9.160726324592058e-7,232055
bosman_selection,all_comps_full,Matches_tm,spell_month,BosmanTRUE,0.05680362980275757,0.02147699861271301,2.6448588476945494,0.008188080527668623,232055
expiry_selection,all_comps_full,Matches_tm,spell_month,expiry_bin_6m::0:6,0.9785569899896809,0.09224085493606497,10.608715527061728,4.007547752565566e-26,232055
expiry_selection,all_comps_full,Matches_tm,spell_month,expiry_bin_6m::6:12,1.111569805908536,0.07866400529915872,14.130602702992848,8.2377861065307e-45,232055
expiry_selection,all_comps_full,Matches_tm,spell_month,expiry_bin_6m::12:18,0.43517837462641784,0.05048755441952921,8.619517812454895,7.983983597395265e-18,232055
expiry_selection,all_comps_full,Matches_tm,spell_month,expiry_bin_6m::18:24,0.6668255721183663,0.040010861187067884,16.66611395842423,2.346195411090698e-61,232055
expiry_selection,all_comps_full,Matches_tm,spell_month,expiry_bin_6m::30:36,0.24986555909828795,0.02685071193535535,9.305733110535535,1.6787089220876055e-20,232055
expiry_selection,all_comps_full,Matches_tm,spell_month,expiry_bin_6m::36:48,-0.22661589879495259,0.05564397080055468,-4.0726047320960355,4.692785771353154e-5,232055
expiry_selection,all_comps_full,Matches_tm,spell_month,expiry_bin_6m::48+,-0.5731323841764433,0.09598939037368046,-5.9707888751587666,2.459392646721219e-9,232055
bosman_selection,all_comps_full,played_fotmob,spell_month,BosmanTRUE,-0.0030196453410251006,0.0037133841688587648,-0.8131788157951696,0.41613971590204846,169039
expiry_selection,all_comps_full,played_fotmob,spell_month,expiry_bin_6m::0:6,-0.02730290850906559,0.01350049220162276,-2.0223639332041374,0.04317194093991852,169039
expiry_selection,all_comps_full,played_fotmob,spell_month,expiry_bin_6m::6:12,-0.028304889017793374,0.011608831192843554,-2.4382203985567785,0.014781360956528763,169039
expiry_selection,all_comps_full,played_fotmob,spell_month,expiry_bin_6m::12:18,-0.007725962617285777,0.007475033230525474,-1.0335689994976334,0.3013689059357614,169039
expiry_selection,all_comps_full,played_fotmob,spell_month,expiry_bin_6m::18:24,-0.014935947065478338,0.006026314113704628,-2.4784547873984923,0.013215728694484157,169039
expiry_selection,all_comps_full,played_fotmob,spell_month,expiry_bin_6m::30:36,-0.001112665284632101,0.004127644520704797,-0.26956422217340387,0.7875024727495903,169039
expiry_selection,all_comps_full,played_fotmob,spell_month,expiry_bin_6m::36:48,0.007867068681003325,0.008056857020077763,0.9764438740067641,0.32887404017110866,169039
expiry_selection,all_comps_full,played_fotmob,spell_month,expiry_bin_6m::48+,-0.003404112139657858,0.014282188347629027,-0.2383466774699811,0.8116183185863451,169039
bosman_selection,all_comps_full,fotmob_minutes,spell_month,BosmanTRUE,-0.556465121840482,1.8166464286916475,-0.306314488637863,0.7593731710125873,169039
expiry_selection,all_comps_full,fotmob_minutes,spell_month,expiry_bin_6m::0:6,-50.39563817293109,6.852097860965546,-7.354775018614478,2.1015403222437562e-13,169039
expiry_selection,all_comps_full,fotmob_minutes,spell_month,expiry_bin_6m::6:12,-46.61480907607675,5.926514205900634,-7.865468208895121,4.15714528746675e-15,169039
expiry_selection,all_comps_full,fotmob_minutes,spell_month,expiry_bin_6m::12:18,-22.982511806904707,3.7871766126966286,-6.06850806214189,1.3497515001217354e-9,169039
expiry_selection,all_comps_full,fotmob_minutes,spell_month,expiry_bin_6m::18:24,-18.31239668519372,3.026319429977038,-6.051045538617403,1.5037862473604173e-9,169039
expiry_selection,all_comps_full,fotmob_minutes,spell_month,expiry_bin_6m::30:36,4.405486393501152,2.0542198310668027,2.144603185537978,0.03201458603154624,169039
expiry_selection,all_comps_full,fotmob_minutes,spell_month,expiry_bin_6m::36:48,16.49052600638494,4.142658574300184,3.980662589161278,6.933053197795159e-5,169039
expiry_selection,all_comps_full,fotmob_minutes,spell_month,expiry_bin_6m::48+,22.160422139587883,7.218318483519407,3.0700255454485315,0.002147570938487259,169039
bosman_selection,all_comps_full,played_any,spell_leaguemonth,BosmanTRUE,-0.013157067784987386,0.0038069085200205226,-3.456102954876483,5.508243337674342e-4,232055
expiry_selection,all_comps_full,played_any,spell_leaguemonth,expiry_bin_6m::0:6,0.11448028133971641,0.018692826839023173,6.124289403929383,9.528437959982565e-10,232055
expiry_selection,all_comps_full,played_any,spell_leaguemonth,expiry_bin_6m::6:12,0.1359393275308941,0.01715014163555884,7.926425939774142,2.5520478612889223e-15,232055
expiry_selection,all_comps_full,played_any,spell_leaguemonth,expiry_bin_6m::12:18,0.06114463064101433,0.009832356628916898,6.218715710655609,5.257776246755583e-10,232055
expiry_selection,all_comps_full,played_any,spell_leaguemonth,expiry_bin_6m::18:24,0.07106323483822215,0.008661579389656122,8.204419960993219,2.669217934461458e-16,232055
expiry_selection,all_comps_full,played_any,spell_leaguemonth,expiry_bin_6m::30:36,0.013437760092122946,0.004305558212326337,3.121026224579225,0.0018084822298896166,232055
expiry_selection,all_comps_full,played_any,spell_leaguemonth,expiry_bin_6m::36:48,-0.049460966321721485,0.010420305946199365,-4.74659444521987,2.1037517646371573e-6,232055
expiry_selection,all_comps_full,played_any,spell_leaguemonth,expiry_bin_6m::48+,-0.10703407109707133,0.018927943508088338,-5.654817759326747,1.6124978240413848e-8,232055
bosman_selection,all_comps_full,minutes_any,spell_leaguemonth,BosmanTRUE,-1.852321590111741,1.6217635543017914,-1.1421650124017064,0.25341879363320646,232055
expiry_selection,all_comps_full,minutes_any,spell_leaguemonth,expiry_bin_6m::0:6,16.17513940233559,7.584737367307288,2.1325905722267664,0.03298795405413784,232055
expiry_selection,all_comps_full,minutes_any,spell_leaguemonth,expiry_bin_6m::6:12,17.399227211386727,6.774040242305364,2.568515478063556,0.010231057280734859,232055
expiry_selection,all_comps_full,minutes_any,spell_leaguemonth,expiry_bin_6m::12:18,9.475307866431415,4.055150568951635,2.336610615393508,0.019483400160495833,232055
expiry_selection,all_comps_full,minutes_any,spell_leaguemonth,expiry_bin_6m::18:24,10.492931786645038,3.3795533663585053,3.1048279607288025,0.0019103876798336038,232055
expiry_selection,all_comps_full,minutes_any,spell_leaguemonth,expiry_bin_6m::30:36,1.5413708161020756,1.9760758199458275,0.7800160300247645,0.4354039587274957,232055
expiry_selection,all_comps_full,minutes_any,spell_leaguemonth,expiry_bin_6m::36:48,-11.280251371795453,4.3927591163468405,-2.5679194039614157,0.010248651961840908,232055
expiry_selection,all_comps_full,minutes_any,spell_leaguemonth,expiry_bin_6m::48+,-24.869233807839326,7.760950317552143,-3.204405748042883,0.0013585984687410025,232055
bosman_selection,all_comps_full,played_tm,spell_leaguemonth,BosmanTRUE,0.013255528946994083,0.004859066182881349,2.7279992591361997,0.0063855478256951165,232055
expiry_selection,all_comps_full,played_tm,spell_leaguemonth,expiry_bin_6m::0:6,0.19156950496823016,0.02139601214145298,8.953514500820473,4.203881150113185e-19,232055
expiry_selection,all_comps_full,played_tm,spell_leaguemonth,expiry_bin_6m::6:12,0.19753834838831744,0.01985988464997658,9.946600993402566,3.529709754831384e-23,232055
expiry_selection,all_comps_full,played_tm,spell_leaguemonth,expiry_bin_6m::12:18,0.08824960516978289,0.011449896956015223,7.70745846087469,1.4336989238433472e-14,232055
expiry_selection,all_comps_full,played_tm,spell_leaguemonth,expiry_bin_6m::18:24,0.09419580593456002,0.010252794777151342,9.187329697116162,5.0225362286242414e-20,232055
expiry_selection,all_comps_full,played_tm,spell_leaguemonth,expiry_bin_6m::30:36,0.0169367065021138,0.004711699867363846,3.594606400850769,3.267901331743591e-4,232055
expiry_selection,all_comps_full,played_tm,spell_leaguemonth,expiry_bin_6m::36:48,-0.05162434248301767,0.01202250520158545,-4.29397547494592,1.775236422705475e-5,232055
expiry_selection,all_comps_full,played_tm,spell_leaguemonth,expiry_bin_6m::48+,-0.10268344480317279,0.021591886734959046,-4.75564947443522,2.011857568914421e-6,232055
bosman_selection,all_comps_full,Minutes_tm,spell_leaguemonth,BosmanTRUE,3.3225825363158523,1.6901325725519876,1.9658709560865832,0.04934721661740694,232055
expiry_selection,all_comps_full,Minutes_tm,spell_leaguemonth,expiry_bin_6m::0:6,36.93884732679117,7.731542866147187,4.777681242450212,1.804095809134407e-6,232055
expiry_selection,all_comps_full,Minutes_tm,spell_leaguemonth,expiry_bin_6m::6:12,35.622480546121686,6.930466017629159,5.139983437694969,2.8110628201042514e-7,232055
expiry_selection,all_comps_full,Minutes_tm,spell_leaguemonth,expiry_bin_6m::12:18,17.58657562527359,4.163244580615432,4.224247527315307,2.4233457019505505e-5,232055
expiry_selection,all_comps_full,Minutes_tm,spell_leaguemonth,expiry_bin_6m::18:24,18.82940644799992,3.4990047130661863,5.381360698854179,7.596730256178285e-8,232055
expiry_selection,all_comps_full,Minutes_tm,spell_leaguemonth,expiry_bin_6m::30:36,3.3762754914417403,1.9555197110711673,1.726536159327349,0.0842886730298846,232055
expiry_selection,all_comps_full,Minutes_tm,spell_leaguemonth,expiry_bin_6m::36:48,-11.903344910566062,4.457969148586647,-2.6701272516297907,0.007597205731834517,232055
expiry_selection,all_comps_full,Minutes_tm,spell_leaguemonth,expiry_bin_6m::48+,-26.296480539250215,7.920046609716515,-3.320243154502276,9.033183628215356e-4,232055
bosman_selection,all_comps_full,Matches_tm,spell_leaguemonth,BosmanTRUE,0.07656051722908393,0.020438348837329735,3.7459247730056133,1.8096284472305868e-4,232055
expiry_selection,all_comps_full,Matches_tm,spell_leaguemonth,expiry_bin_6m::0:6,0.662780868695893,0.09665718779937472,6.857026195212567,7.540630275135184e-12,232055
expiry_selection,all_comps_full,Matches_tm,spell_leaguemonth,expiry_bin_6m::6:12,0.6135323413818796,0.0875075009039685,7.011197155032177,2.5503673942023293e-12,232055
expiry_selection,all_comps_full,Matches_tm,spell_leaguemonth,expiry_bin_6m::12:18,0.3088956884270329,0.05144595183255512,6.004275893901588,2.0036889901000855e-9,232055
expiry_selection,all_comps_full,Matches_tm,spell_leaguemonth,expiry_bin_6m::18:24,0.30341076648222953,0.04421084957117252,6.862812396169539,7.2429842616734276e-12,232055
expiry_selection,all_comps_full,Matches_tm,spell_leaguemonth,expiry_bin_6m::30:36,0.04218345213545156,0.02319861345007977,1.8183609217087289,0.06904546184544735,232055
expiry_selection,all_comps_full,Matches_tm,spell_leaguemonth,expiry_bin_6m::36:48,-0.20582186680515954,0.054881989871483586,-3.7502624683822474,1.7786613774318792e-4,232055
expiry_selection,all_comps_full,Matches_tm,spell_leaguemonth,expiry_bin_6m::48+,-0.40505974989492494,0.09847990419947063,-4.113120876666148,3.941610242654139e-5,232055
bosman_selection,all_comps_full,played_fotmob,spell_leaguemonth,BosmanTRUE,-0.008066271318939448,0.003788430151362318,-2.1291857040148465,0.03326931734048571,169039
expiry_selection,all_comps_full,played_fotmob,spell_leaguemonth,expiry_bin_6m::0:6,-0.019326359992242612,0.01738760134400279,-1.111502363660329,0.2663855380054383,169039
expiry_selection,all_comps_full,played_fotmob,spell_leaguemonth,expiry_bin_6m::6:12,-0.017822623265274656,0.016164984693096202,-1.1025450134132453,0.2702579295607329,169039
expiry_selection,all_comps_full,played_fotmob,spell_leaguemonth,expiry_bin_6m::12:18,-0.0012950949751677591,0.009190312298680333,-0.14091958282568112,0.8879370156675924,169039
expiry_selection,all_comps_full,played_fotmob,spell_leaguemonth,expiry_bin_6m::18:24,-0.00631130232601478,0.008397820872996438,-0.7515404795438124,0.4523495317773739,169039
expiry_selection,all_comps_full,played_fotmob,spell_leaguemonth,expiry_bin_6m::30:36,8.211650069855095e-4,0.0042845844971116836,0.1916556920604721,0.848016773653408,169039
expiry_selection,all_comps_full,played_fotmob,spell_leaguemonth,expiry_bin_6m::36:48,9.744548881448025e-4,0.009453938029863206,0.10307396611514519,0.9179068476157994,169039
expiry_selection,all_comps_full,played_fotmob,spell_leaguemonth,expiry_bin_6m::48+,-0.018365345986940767,0.01781331703573088,-1.0309896775599177,0.3025767929992276,169039
bosman_selection,all_comps_full,fotmob_minutes,spell_leaguemonth,BosmanTRUE,-5.053223612206282,1.8113143416001871,-2.7898104134382677,0.005286356567158534,169039
expiry_selection,all_comps_full,fotmob_minutes,spell_leaguemonth,expiry_bin_6m::0:6,-37.124521406198625,9.156223686847646,-4.054566890881633,5.0703111139422825e-5,169039
expiry_selection,all_comps_full,fotmob_minutes,spell_leaguemonth,expiry_bin_6m::6:12,-35.735707055535975,8.596901406439892,-4.1568124799903545,3.2608031925291895e-5,169039
expiry_selection,all_comps_full,fotmob_minutes,spell_leaguemonth,expiry_bin_6m::12:18,-14.877966935685778,4.814827409875024,-3.090031203438704,0.00200821703505535,169039
expiry_selection,all_comps_full,fotmob_minutes,spell_leaguemonth,expiry_bin_6m::18:24,-13.732463271534948,4.373636665147362,-3.139827178824937,0.0016966224435443521,169039
expiry_selection,all_comps_full,fotmob_minutes,spell_leaguemonth,expiry_bin_6m::30:36,1.3245294640022167,2.0519418810705097,0.6455004774848702,0.5186214007376697,169039
expiry_selection,all_comps_full,fotmob_minutes,spell_leaguemonth,expiry_bin_6m::36:48,6.946607548187566,5.085728387927857,1.3659021910562372,0.17200801868473903,169039
expiry_selection,all_comps_full,fotmob_minutes,spell_leaguemonth,expiry_bin_6m::48+,5.693489009383427,9.4688605322407,0.6012855496178827,0.5476668300862855,169039
bosman_selection,source_league_full,played_any,player_month,BosmanTRUE,-0.009808357151540856,0.0039161798050146805,-2.5045727315638633,0.012279218418539566,231753
expiry_selection,source_league_full,played_any,player_month,expiry_bin_6m::0:6,-0.02184863964166567,0.005262389787020191,-4.151847454469423,3.3314643838732586e-5,231753
expiry_selection,source_league_full,played_any,player_month,expiry_bin_6m::6:12,0.014556876153988305,0.005259117054114767,2.76793157562426,0.005654005238007054,231753
expiry_selection,source_league_full,played_any,player_month,expiry_bin_6m::12:18,-0.008360726177325676,0.0043636674012191064,-1.9159861209838964,0.055401641471927096,231753
expiry_selection,source_league_full,played_any,player_month,expiry_bin_6m::18:24,0.02468077623138175,0.004622442699429356,5.33933632848031,9.578956468261937e-8,231753
expiry_selection,source_league_full,played_any,player_month,expiry_bin_6m::30:36,0.025105044073897458,0.004312437866587876,5.821543370724848,6.050490361290257e-9,231753
expiry_selection,source_league_full,played_any,player_month,expiry_bin_6m::36:48,0.019233379507200984,0.004568049496324149,4.210413990189432,2.576300004727387e-5,231753
expiry_selection,source_league_full,played_any,player_month,expiry_bin_6m::48+,0.008905937625314874,0.006080924774955651,1.4645696098715226,0.14307676596445654,231753
bosman_selection,source_league_full,minutes_any,player_month,BosmanTRUE,3.3129156596058804,1.5724271582341525,2.106880208890763,0.03515829922836121,231753
expiry_selection,source_league_full,minutes_any,player_month,expiry_bin_6m::0:6,2.1228440683660317,2.252334543420249,0.9425083296651031,0.34596025214891724,231753
expiry_selection,source_league_full,minutes_any,player_month,expiry_bin_6m::6:12,10.580764038976385,2.179555382251694,4.854551586592592,1.2289240274764643e-6,231753
expiry_selection,source_league_full,minutes_any,player_month,expiry_bin_6m::12:18,0.2915301133402402,1.827790784971769,0.15949862300281978,0.8732799766718133,231753
expiry_selection,source_league_full,minutes_any,player_month,expiry_bin_6m::18:24,12.559041239398162,1.858463534910637,6.757754996792044,1.497359031355125e-11,231753
expiry_selection,source_league_full,minutes_any,player_month,expiry_bin_6m::30:36,10.00225780957071,1.6996658387457557,5.884837820210432,4.141236539939062e-9,231753
expiry_selection,source_league_full,minutes_any,player_month,expiry_bin_6m::36:48,1.4353086774639015,2.0135900928348236,0.7128107565543336,0.47598317860730255,231753
expiry_selection,source_league_full,minutes_any,player_month,expiry_bin_6m::48+,-8.034337798948407,2.8626332860168793,-2.8066248786366668,0.005018176757141953,231753
bosman_selection,source_league_full,played_tm,player_month,BosmanTRUE,0.015777659506680364,0.004993421984783631,3.1596887975339065,0.0015851260749662956,231753
expiry_selection,source_league_full,played_tm,player_month,expiry_bin_6m::0:6,0.06462622931087195,0.006907811790136088,9.355528389345242,1.054830707033119e-20,231753
expiry_selection,source_league_full,played_tm,player_month,expiry_bin_6m::6:12,0.14555811067585608,0.006773266409135115,21.490090878389434,1.0534889987945564e-99,231753
expiry_selection,source_league_full,played_tm,player_month,expiry_bin_6m::12:18,0.019539105996267035,0.005668219183246892,3.4471331055823016,5.6941708501076e-4,231753
expiry_selection,source_league_full,played_tm,player_month,expiry_bin_6m::18:24,0.11631198950523446,0.005907906960844075,19.68751205395027,2.4096241405462507e-84,231753
expiry_selection,source_league_full,played_tm,player_month,expiry_bin_6m::30:36,0.09644435955239568,0.005056320901565384,19.07401872427391,2.149097919380145e-79,231753
expiry_selection,source_league_full,played_tm,player_month,expiry_bin_6m::36:48,0.04544693490997758,0.005954759857339641,7.632034876093481,2.57072402192336e-14,231753
expiry_selection,source_league_full,played_tm,player_month,expiry_bin_6m::48+,0.03885218001200161,0.007588425063018029,5.119926689577075,3.126121366999543e-7,231753
bosman_selection,source_league_full,Minutes_tm,player_month,BosmanTRUE,6.70095484783768,1.7030914721432748,3.934583055251159,8.40301234286901e-5,231753
expiry_selection,source_league_full,Minutes_tm,player_month,expiry_bin_6m::0:6,18.426334281455865,2.4464557094548725,7.531848710869032,5.5355758757720164e-14,231753
expiry_selection,source_league_full,Minutes_tm,player_month,expiry_bin_6m::6:12,36.52086132157986,2.3899035555108736,15.281311765642794,5.29267336315104e-52,231753
expiry_selection,source_league_full,Minutes_tm,player_month,expiry_bin_6m::12:18,5.628359400691169,1.9881687294765928,2.830926428549601,0.004652650822134809,231753
expiry_selection,source_league_full,Minutes_tm,player_month,expiry_bin_6m::18:24,31.57581100549903,2.0902892003839257,15.105953281344737,7.143108288331423e-51,231753
expiry_selection,source_league_full,Minutes_tm,player_month,expiry_bin_6m::30:36,24.825379465436793,1.8410678727282508,13.484228274891592,5.294055205337263e-41,231753
expiry_selection,source_league_full,Minutes_tm,player_month,expiry_bin_6m::36:48,7.78999817355967,2.1841269377395056,3.566641681376836,3.6364967889699316e-4,231753
expiry_selection,source_league_full,Minutes_tm,player_month,expiry_bin_6m::48+,-0.9462756376013637,3.0193459181307323,-0.31340418198495124,0.7539815893288697,231753
bosman_selection,source_league_full,Matches_tm,player_month,BosmanTRUE,0.0763434825912029,0.020983928233939093,3.6381883191787745,2.762513786002291e-4,231753
expiry_selection,source_league_full,Matches_tm,player_month,expiry_bin_6m::0:6,0.23876017461884091,0.029810146188849102,8.009359400865751,1.3116504888195815e-15,231753
expiry_selection,source_league_full,Matches_tm,player_month,expiry_bin_6m::6:12,0.5186254551967309,0.029487309836670677,17.588089862024773,5.351776716377927e-68,231753
expiry_selection,source_league_full,Matches_tm,player_month,expiry_bin_6m::12:18,0.061669725652456986,0.02423608549201159,2.544541513223488,0.01096032887931714,231753
expiry_selection,source_league_full,Matches_tm,player_month,expiry_bin_6m::18:24,0.45323957976234097,0.026362107567594537,17.192843121522007,4.137680471496178e-65,231753
expiry_selection,source_league_full,Matches_tm,player_month,expiry_bin_6m::30:36,0.3982040861610842,0.02345495428583396,16.97739766653848,1.464144796412462e-63,231753
expiry_selection,source_league_full,Matches_tm,player_month,expiry_bin_6m::36:48,0.18271305000145374,0.0270450703005702,6.755872621917405,1.5168218384921334e-11,231753
expiry_selection,source_league_full,Matches_tm,player_month,expiry_bin_6m::48+,0.15107302991442428,0.03646805487194508,4.142612772874951,3.468239445353617e-5,231753
bosman_selection,source_league_full,played_fotmob,player_month,BosmanTRUE,0.002158504225442605,0.003649279970359839,0.5914877024986835,0.5542106595461255,164051
expiry_selection,source_league_full,played_fotmob,player_month,expiry_bin_6m::0:6,-4.108715737564022e-4,0.004955542797607548,-0.08291151757477788,0.9339240018071854,164051
expiry_selection,source_league_full,played_fotmob,player_month,expiry_bin_6m::6:12,-0.008742140834352801,0.004857684620613607,-1.7996517923900384,0.07195387597064477,164051
expiry_selection,source_league_full,played_fotmob,player_month,expiry_bin_6m::12:18,0.0051923432723165784,0.003895010037246655,1.3330757103740343,0.1825454979333638,164051
expiry_selection,source_league_full,played_fotmob,player_month,expiry_bin_6m::18:24,-0.007914184098608758,0.0041857232775592895,-1.89075664438657,0.058693489120495455,164051
expiry_selection,source_league_full,played_fotmob,player_month,expiry_bin_6m::30:36,-0.007638721238612413,0.0037054828619275397,-2.0614644631331145,0.03929147671027864,164051
expiry_selection,source_league_full,played_fotmob,player_month,expiry_bin_6m::36:48,-0.00631132347554509,0.004035894627848675,-1.5637978831249437,0.11790519733477359,164051
expiry_selection,source_league_full,played_fotmob,player_month,expiry_bin_6m::48+,-0.025251860049928052,0.005301064242509915,-4.763545374045865,1.936213165310132e-6,164051
bosman_selection,source_league_full,fotmob_minutes,player_month,BosmanTRUE,8.15537545168517,1.7416015942622636,4.6826871763055316,2.878755886566581e-6,164051
expiry_selection,source_league_full,fotmob_minutes,player_month,expiry_bin_6m::0:6,5.614513755641772,2.42189810402714,2.318228725769239,0.020462363674543564,164051
expiry_selection,source_league_full,fotmob_minutes,player_month,expiry_bin_6m::6:12,-4.135007018898355,2.307043815120839,-1.792340046511761,0.07311685943981712,164051
expiry_selection,source_league_full,fotmob_minutes,player_month,expiry_bin_6m::12:18,4.184618298992835,1.9275087906276986,2.1709982954890195,0.029961050931454673,164051
expiry_selection,source_league_full,fotmob_minutes,player_month,expiry_bin_6m::18:24,-3.850457258367271,1.9367909760811453,-1.988060304864798,0.04683956487886489,164051
expiry_selection,source_league_full,fotmob_minutes,player_month,expiry_bin_6m::30:36,-8.069916141462992,1.6850833537631178,-4.789030835442831,1.7064721799333645e-6,164051
expiry_selection,source_league_full,fotmob_minutes,player_month,expiry_bin_6m::36:48,-10.103054525540369,2.0139006618347133,-5.016659816942627,5.372675100574309e-7,164051
expiry_selection,source_league_full,fotmob_minutes,player_month,expiry_bin_6m::48+,-24.912679552269427,2.7825684251209037,-8.953123785693414,4.2525222460297995e-19,164051
bosman_selection,source_league_full,played_any,player_leaguemonth,BosmanTRUE,-0.003001015924007497,0.0036638861771544225,-0.8190800092862744,0.41276460240303603,231753
expiry_selection,source_league_full,played_any,player_leaguemonth,expiry_bin_6m::0:6,0.010295267770102116,0.0048597273328459985,2.1184867102560063,0.03416390070411949,231753
expiry_selection,source_league_full,played_any,player_leaguemonth,expiry_bin_6m::6:12,0.040801197027474645,0.005179213299894457,7.877875396308953,3.7572842675239015e-15,231753
expiry_selection,source_league_full,played_any,player_leaguemonth,expiry_bin_6m::12:18,0.009311796724541943,0.003812872272161502,2.4422000161214745,0.014619059275606153,231753
expiry_selection,source_league_full,played_any,player_leaguemonth,expiry_bin_6m::18:24,0.03161569380351903,0.004539313825686329,6.964861875074003,3.541456316109606e-12,231753
expiry_selection,source_league_full,played_any,player_leaguemonth,expiry_bin_6m::30:36,0.026513919651197686,0.00413321246619522,6.41484556336025,1.487876833602793e-10,231753
expiry_selection,source_league_full,played_any,player_leaguemonth,expiry_bin_6m::36:48,0.007342280887255385,0.004059998462536484,1.8084442531212916,0.07057405160164,231753
expiry_selection,source_league_full,played_any,player_leaguemonth,expiry_bin_6m::48+,-0.0010986980082660664,0.00539730774840256,-0.20356408407344342,0.8386992201683211,231753
bosman_selection,source_league_full,minutes_any,player_leaguemonth,BosmanTRUE,4.865820107570821,1.5490185464169217,3.1412277915110094,0.0016884042710360904,231753
expiry_selection,source_league_full,minutes_any,player_leaguemonth,expiry_bin_6m::0:6,7.544430361612141,2.1807563945553974,3.459547513169285,5.438401396217753e-4,231753
expiry_selection,source_league_full,minutes_any,player_leaguemonth,expiry_bin_6m::6:12,8.1129422103154,2.201559948081433,3.6850880292337655,2.300991464748351e-4,231753
expiry_selection,source_league_full,minutes_any,player_leaguemonth,expiry_bin_6m::12:18,3.847793546104796,1.7409482372492535,2.210171137646468,0.027120838186682854,231753
expiry_selection,source_league_full,minutes_any,player_leaguemonth,expiry_bin_6m::18:24,6.075557198214158,1.882249307347047,3.22781747056526,0.0012522974541537809,231753
expiry_selection,source_league_full,minutes_any,player_leaguemonth,expiry_bin_6m::30:36,2.7681214510060514,1.7327438991152941,1.5975364001681964,0.11018477336095756,231753
expiry_selection,source_league_full,minutes_any,player_leaguemonth,expiry_bin_6m::36:48,-3.5385394093112263,1.9119781594760965,-1.850721668432042,0.06424559356012799,231753
expiry_selection,source_league_full,minutes_any,player_leaguemonth,expiry_bin_6m::48+,-10.18407289420405,2.7173782028272213,-3.7477568943507062,1.796500981849877e-4,231753
bosman_selection,source_league_full,played_tm,player_leaguemonth,BosmanTRUE,0.03431483167815441,0.0047613635146113225,7.206933806429939,6.231188730379433e-13,231753
expiry_selection,source_league_full,played_tm,player_leaguemonth,expiry_bin_6m::0:6,0.06517432134852844,0.006398981002737172,10.185109366733553,3.2211063032732794e-24,231753
expiry_selection,source_league_full,played_tm,player_leaguemonth,expiry_bin_6m::6:12,0.07622650960733483,0.006396780815264425,11.916386039902767,1.802352498082703e-32,231753
expiry_selection,source_league_full,played_tm,player_leaguemonth,expiry_bin_6m::12:18,0.026387589422257447,0.0049188725921228416,5.364560461377866,8.336364094637969e-8,231753
expiry_selection,source_league_full,played_tm,player_leaguemonth,expiry_bin_6m::18:24,0.04230268116586793,0.005439129363777473,7.777472888875867,8.298883522086921e-15,231753
expiry_selection,source_league_full,played_tm,player_leaguemonth,expiry_bin_6m::30:36,0.02424762101952715,0.00453063493751986,5.351925580832756,8.937893612965887e-8,231753
expiry_selection,source_league_full,played_tm,player_leaguemonth,expiry_bin_6m::36:48,0.0029016674069350774,0.005166819771129337,0.5615964046488979,0.574406399144602,231753
expiry_selection,source_league_full,played_tm,player_leaguemonth,expiry_bin_6m::48+,4.7823905596819735e-4,0.0065713031574914215,0.07277689744430599,0.9419854327439059,231753
bosman_selection,source_league_full,Minutes_tm,player_leaguemonth,BosmanTRUE,10.849290318488011,1.6571598833726036,6.546918271040843,6.227356299795184e-11,231753
expiry_selection,source_league_full,Minutes_tm,player_leaguemonth,expiry_bin_6m::0:6,17.34748126990442,2.3266418715220003,7.456016966872672,9.828843327823326e-14,231753
expiry_selection,source_league_full,Minutes_tm,player_leaguemonth,expiry_bin_6m::6:12,15.285884915664248,2.3185861241557366,6.5927613196729,4.5845843455764976e-11,231753
expiry_selection,source_league_full,Minutes_tm,player_leaguemonth,expiry_bin_6m::12:18,7.051974217847343,1.8319964171097072,3.8493384331903107,1.1933832466320472e-4,231753
expiry_selection,source_league_full,Minutes_tm,player_leaguemonth,expiry_bin_6m::18:24,9.209022244634946,1.976034280117681,4.66035550966581,3.206515063595306e-6,231753
expiry_selection,source_league_full,Minutes_tm,player_leaguemonth,expiry_bin_6m::30:36,3.278793639954638,1.7414643007382216,1.8827797035889449,0.05976564679516954,231753
expiry_selection,source_league_full,Minutes_tm,player_leaguemonth,expiry_bin_6m::36:48,-3.2672495132550776,1.996444489225636,-1.636534113964947,0.10176627903306706,231753
expiry_selection,source_league_full,Minutes_tm,player_leaguemonth,expiry_bin_6m::48+,-8.961384579117102,2.806565272016971,-3.1930077196020092,0.0014133187543612531,231753
bosman_selection,source_league_full,Matches_tm,player_leaguemonth,BosmanTRUE,0.1526451189219447,0.02003432190784781,7.619180705195259,2.8381077788527782e-14,231753
expiry_selection,source_league_full,Matches_tm,player_leaguemonth,expiry_bin_6m::0:6,0.24003856996074063,0.027734599617443203,8.654841723756938,5.878670486074159e-18,231753
expiry_selection,source_league_full,Matches_tm,player_leaguemonth,expiry_bin_6m::6:12,0.1984993180781363,0.027860254927089694,7.124820594700557,1.1305541839677197e-12,231753
expiry_selection,source_league_full,Matches_tm,player_leaguemonth,expiry_bin_6m::12:18,0.09128599833677849,0.021390796090082705,4.2675362783295805,1.9986974036643823e-5,231753
expiry_selection,source_league_full,Matches_tm,player_leaguemonth,expiry_bin_6m::18:24,0.10853586132547699,0.023907461999963193,4.539832012517435,5.710313572113618e-6,231753
expiry_selection,source_league_full,Matches_tm,player_leaguemonth,expiry_bin_6m::30:36,0.05647153532006263,0.02091143060634416,2.700510375551741,0.0069375538930724606,231753
expiry_selection,source_league_full,Matches_tm,player_leaguemonth,expiry_bin_6m::36:48,-0.0031976779622399066,0.023694901228844635,-0.13495215410930944,0.8926530203542424,231753
expiry_selection,source_league_full,Matches_tm,player_leaguemonth,expiry_bin_6m::48+,9.416484154657137e-4,0.03252217283521998,0.028954043760752446,0.9769019485375614,231753
bosman_selection,source_league_full,played_fotmob,player_leaguemonth,BosmanTRUE,-0.011573106895292192,0.0037030540148465362,-3.1252870870617886,0.0017827700856827733,164051
expiry_selection,source_league_full,played_fotmob,player_leaguemonth,expiry_bin_6m::0:6,-0.015380861416868266,0.0049783404775392915,-3.0895559446490015,0.0020115415298332063,164051
expiry_selection,source_league_full,played_fotmob,player_leaguemonth,expiry_bin_6m::6:12,-0.011227011284826857,0.005338136763688085,-2.103170409794856,0.03548250030001749,164051
expiry_selection,source_league_full,played_fotmob,player_leaguemonth,expiry_bin_6m::12:18,2.0038046621422198e-6,0.0038557486377867956,5.196927627762597e-4,0.9995853583419708,164051
expiry_selection,source_league_full,played_fotmob,player_leaguemonth,expiry_bin_6m::18:24,-0.0024748672287840385,0.004664601132662269,-0.530563526955098,0.5957362270649242,164051
expiry_selection,source_league_full,played_fotmob,player_leaguemonth,expiry_bin_6m::30:36,0.003643677192002479,0.004307835964833961,0.84582542644307,0.3976758216091383,164051
expiry_selection,source_league_full,played_fotmob,player_leaguemonth,expiry_bin_6m::36:48,0.006265019766112221,0.0040109106526831535,1.5619943470745603,0.11832947739670222,164051
expiry_selection,source_league_full,played_fotmob,player_leaguemonth,expiry_bin_6m::48+,-8.637097634362072e-4,0.0052840156830865,-0.1634570779569861,0.8701627571978872,164051
bosman_selection,source_league_full,fotmob_minutes,player_leaguemonth,BosmanTRUE,-0.9042382474241918,1.7290381464795672,-0.5229718322093003,0.6010085591297011,164051
expiry_selection,source_league_full,fotmob_minutes,player_leaguemonth,expiry_bin_6m::0:6,-1.6343944149155571,2.3712848641944366,-0.6892442319327953,0.49068988008479164,164051
expiry_selection,source_league_full,fotmob_minutes,player_leaguemonth,expiry_bin_6m::6:12,-3.020683499261158,2.40526104661375,-1.2558651392595541,0.20920210414715332,164051
expiry_selection,source_league_full,fotmob_minutes,player_leaguemonth,expiry_bin_6m::12:18,1.9095337508996475,1.8570083351389393,1.0282849649981665,0.3038473630521206,164051
expiry_selection,source_league_full,fotmob_minutes,player_leaguemonth,expiry_bin_6m::18:24,0.40330868998205066,2.0377224799213147,0.19792130378697306,0.8431117411638268,164051
expiry_selection,source_league_full,fotmob_minutes,player_leaguemonth,expiry_bin_6m::30:36,-0.9907510783187974,1.834040030275626,-0.5402014470588757,0.5890733811705214,164051
expiry_selection,source_league_full,fotmob_minutes,player_leaguemonth,expiry_bin_6m::36:48,-3.6663696925377134,1.9452073276622215,-1.8848220651852108,0.05949063244555758,164051
expiry_selection,source_league_full,fotmob_minutes,player_leaguemonth,expiry_bin_6m::48+,-12.622279237458626,2.6813022629749863,-4.707518212979772,2.5503283373931306e-6,164051
bosman_selection,source_league_full,played_any,spell_month,BosmanTRUE,-0.005162950179543663,0.004373853894487375,-1.1804121271748085,0.2378706265851726,231753
expiry_selection,source_league_full,played_any,spell_month,expiry_bin_6m::0:6,-0.1024805452116775,0.01672414172463466,-6.1277013134087275,9.327770949651301e-10,231753
expiry_selection,source_league_full,played_any,spell_month,expiry_bin_6m::6:12,-0.05026054997470614,0.014246445585358395,-3.5279361208778126,4.2110855879579187e-4,231753
expiry_selection,source_league_full,played_any,spell_month,expiry_bin_6m::12:18,-0.047698083070445735,0.00919375506987098,-5.188095909445965,2.1754761966758577e-7,231753
expiry_selection,source_league_full,played_any,spell_month,expiry_bin_6m::18:24,-8.284218681875046e-5,0.007145167587967658,-0.011594155882117489,0.9907496917075514,231753
expiry_selection,source_league_full,played_any,spell_month,expiry_bin_6m::30:36,0.039812721869830585,0.005208518882973722,7.643770285632552,2.348344785574487e-14,231753
expiry_selection,source_league_full,played_any,spell_month,expiry_bin_6m::36:48,0.061672317745157725,0.010258316831060335,6.011933415667672,1.911759197673138e-9,231753
expiry_selection,source_league_full,played_any,spell_month,expiry_bin_6m::48+,0.09018726250805159,0.01778799308338575,5.070120169559084,4.0627600835902855e-7,231753
bosman_selection,source_league_full,minutes_any,spell_month,BosmanTRUE,-0.30547177546176957,1.675838106929639,-0.18228000318087703,0.85536750286008,231753
expiry_selection,source_league_full,minutes_any,spell_month,expiry_bin_6m::0:6,-19.68740923965141,6.467390289248523,-3.04410409131795,0.002341151716081924,231753
expiry_selection,source_league_full,minutes_any,spell_month,expiry_bin_6m::6:12,-6.153247958173088,5.429522746210575,-1.1332944433224121,0.25712380224556947,231753
expiry_selection,source_league_full,minutes_any,spell_month,expiry_bin_6m::12:18,-9.378578182793566,3.5831608921528364,-2.6174035900349213,0.008876443156199017,231753
expiry_selection,source_league_full,minutes_any,spell_month,expiry_bin_6m::18:24,6.482540733069061,2.715145769284474,2.387547956505265,0.016983730860540534,231753
expiry_selection,source_league_full,minutes_any,spell_month,expiry_bin_6m::30:36,13.914162630715534,2.0623311787485337,6.74681291448008,1.6140153414682084e-11,231753
expiry_selection,source_league_full,minutes_any,spell_month,expiry_bin_6m::36:48,12.071356241054842,3.9986512059723465,3.018857014341531,0.0025451148485453687,231753
expiry_selection,source_league_full,minutes_any,spell_month,expiry_bin_6m::48+,12.421139817819272,6.767783491126318,1.8353335082461544,0.0664925342390362,231753
bosman_selection,source_league_full,played_tm,spell_month,BosmanTRUE,0.009147822444717303,0.005170056022885938,1.7693855548611572,0.07686676565998067,231753
expiry_selection,source_league_full,played_tm,spell_month,expiry_bin_6m::0:6,0.2525270323706352,0.020051925334643207,12.593655130679675,4.93081734614558e-36,231753
expiry_selection,source_league_full,played_tm,spell_month,expiry_bin_6m::6:12,0.29664286356110386,0.017422627072095232,17.02629932521593,6.540586110245832e-64,231753
expiry_selection,source_league_full,played_tm,spell_month,expiry_bin_6m::12:18,0.11202788556778805,0.01110174235262272,10.09101832932757,8.337764802498998e-24,231753
expiry_selection,source_league_full,played_tm,spell_month,expiry_bin_6m::18:24,0.16917993833578146,0.008986252347265567,18.826528768387117,1.945038795339593e-77,231753
expiry_selection,source_league_full,played_tm,spell_month,expiry_bin_6m::30:36,0.06029184743443452,0.005695064048689528,10.586684700817031,5.0578239664217136e-26,231753
expiry_selection,source_league_full,played_tm,spell_month,expiry_bin_6m::36:48,-0.05122761641962533,0.012230368559376155,-4.188558682506159,2.836757619147259e-5,231753
expiry_selection,source_league_full,played_tm,spell_month,expiry_bin_6m::48+,-0.12789307955883342,0.021031626611165553,-6.080988500001983,1.2479770043197995e-9,231753
bosman_selection,source_league_full,Minutes_tm,spell_month,BosmanTRUE,2.260584367599076,1.7432307957541222,1.296778586693764,0.19474391796334697,231753
expiry_selection,source_league_full,Minutes_tm,spell_month,expiry_bin_6m::0:6,57.44329448205765,7.015027564606761,8.188605668761578,3.0415509970248667e-16,231753
expiry_selection,source_league_full,Minutes_tm,spell_month,expiry_bin_6m::6:12,68.00340168039187,5.990292844430871,11.352266649803958,1.2028855235406085e-29,231753
expiry_selection,source_league_full,Minutes_tm,spell_month,expiry_bin_6m::12:18,25.600142606388044,3.90102717972872,6.562410725927907,5.6163490496916495e-11,231753
expiry_selection,source_league_full,Minutes_tm,spell_month,expiry_bin_6m::18:24,42.48437839423627,3.0855859451943504,13.76865825448927,1.1725127985095092e-42,231753
expiry_selection,source_league_full,Minutes_tm,spell_month,expiry_bin_6m::30:36,16.946167336508438,2.1081129616505714,8.038548049740296,1.0360347674014079e-15,231753
expiry_selection,source_league_full,Minutes_tm,spell_month,expiry_bin_6m::36:48,-12.925025003543935,4.282407381775258,-3.0181680188926605,0.002550902233741105,231753
expiry_selection,source_league_full,Minutes_tm,spell_month,expiry_bin_6m::48+,-36.23414916368299,7.307614581600177,-4.958409992628355,7.250042539943164e-7,231753
bosman_selection,source_league_full,Matches_tm,spell_month,BosmanTRUE,0.056878120024726385,0.021529333396933182,2.6418895084242866,0.008260166714312626,231753
expiry_selection,source_league_full,Matches_tm,spell_month,expiry_bin_6m::0:6,0.9847970944214158,0.09238658679992,10.65952459694364,2.3420389080581212e-26,231753
expiry_selection,source_league_full,Matches_tm,spell_month,expiry_bin_6m::6:12,1.1169450519671538,0.07882123394400183,14.170611091431049,4.7335548211456286e-45,231753
expiry_selection,source_league_full,Matches_tm,spell_month,expiry_bin_6m::12:18,0.43810257849365203,0.050557892459987056,8.6653647368782,5.364770591748331e-18,231753
expiry_selection,source_league_full,Matches_tm,spell_month,expiry_bin_6m::18:24,0.669562711734603,0.04008362115674267,16.70414729039451,1.270449676376087e-61,231753
expiry_selection,source_league_full,Matches_tm,spell_month,expiry_bin_6m::30:36,0.2489084311253769,0.02686853252577994,9.263938433799952,2.4760097154972935e-20,231753
expiry_selection,source_league_full,Matches_tm,spell_month,expiry_bin_6m::36:48,-0.22933722198708692,0.0557005748138052,-4.117322357151806,3.8706481747581116e-5,231753
expiry_selection,source_league_full,Matches_tm,spell_month,expiry_bin_6m::48+,-0.5790620348594636,0.09611946438054407,-6.024399309664421,1.7706935004002149e-9,231753
bosman_selection,source_league_full,played_fotmob,spell_month,BosmanTRUE,-0.004156344556527937,0.003859112630894933,-1.0770207957273523,0.2815039459083501,164051
expiry_selection,source_league_full,played_fotmob,spell_month,expiry_bin_6m::0:6,-0.059869388011973224,0.01428494478194626,-4.1910829146247695,2.806592361390264e-5,164051
expiry_selection,source_league_full,played_fotmob,spell_month,expiry_bin_6m::6:12,-0.05718221776924406,0.01235728657921137,-4.627408889702497,3.7618617792516326e-6,164051
expiry_selection,source_league_full,played_fotmob,spell_month,expiry_bin_6m::12:18,-0.0240396955406447,0.007888524234094906,-3.0474262139860064,0.0023157464203816544,164051
expiry_selection,source_league_full,played_fotmob,spell_month,expiry_bin_6m::18:24,-0.02776988961664387,0.006348119219807626,-4.374506630246527,1.2327402899436923e-5,164051
expiry_selection,source_league_full,played_fotmob,spell_month,expiry_bin_6m::30:36,0.0018313082950469088,0.00431403577101163,0.42450002555668925,0.671212775779304,164051
expiry_selection,source_league_full,played_fotmob,spell_month,expiry_bin_6m::36:48,0.023868784224922654,0.008457474651120669,2.822211736899488,0.004781313071116712,164051
expiry_selection,source_league_full,played_fotmob,spell_month,expiry_bin_6m::48+,0.028753077522923165,0.015292499302488622,1.8802078688500603,0.06011660991400421,164051
bosman_selection,source_league_full,fotmob_minutes,spell_month,BosmanTRUE,1.744382674536177,1.8081884860812372,0.964712853756003,0.3347182595977659,164051
expiry_selection,source_league_full,fotmob_minutes,spell_month,expiry_bin_6m::0:6,-52.012941084658976,6.731768300367517,-7.726490093519612,1.2418051880922292e-14,164051
expiry_selection,source_league_full,fotmob_minutes,spell_month,expiry_bin_6m::6:12,-51.092316091179,5.828372748511271,-8.76613735870435,2.2380584543833777e-18,164051
expiry_selection,source_league_full,fotmob_minutes,spell_month,expiry_bin_6m::12:18,-23.992493241696554,3.7153879933759635,-6.45760100545944,1.1268154504120113e-10,164051
expiry_selection,source_league_full,fotmob_minutes,spell_month,expiry_bin_6m::18:24,-22.571105281331608,2.9627427246324527,-7.618314305077468,2.868910027185667e-14,164051
expiry_selection,source_league_full,fotmob_minutes,spell_month,expiry_bin_6m::30:36,1.9839157747077858,1.9597756718259922,1.012317788831056,0.31141721390064436,164051
expiry_selection,source_league_full,fotmob_minutes,spell_month,expiry_bin_6m::36:48,22.58881547655108,4.068014990214407,5.55278570282764,2.9029819994729786e-8,164051
expiry_selection,source_league_full,fotmob_minutes,spell_month,expiry_bin_6m::48+,37.579867793329136,7.109296248791689,5.2860179795878235,1.2835907542172807e-7,164051
bosman_selection,source_league_full,played_any,spell_leaguemonth,BosmanTRUE,-0.010163899501813164,0.003978573055673506,-2.5546595122387634,0.01064710006473667,231753
expiry_selection,source_league_full,played_any,spell_leaguemonth,expiry_bin_6m::0:6,0.11006820212994145,0.019247259420525308,5.71864283247331,1.1115092625216284e-8,231753
expiry_selection,source_league_full,played_any,spell_leaguemonth,expiry_bin_6m::6:12,0.12730757300265869,0.017641862621686117,7.216220630023889,5.822809120892126e-13,231753
expiry_selection,source_league_full,played_any,spell_leaguemonth,expiry_bin_6m::12:18,0.06003228968801481,0.010112137913124465,5.936656541254186,3.027449807302211e-9,231753
expiry_selection,source_league_full,played_any,spell_leaguemonth,expiry_bin_6m::18:24,0.06765841022689897,0.00892791258697151,7.5783011502187865,3.883613018229708e-14,231753
expiry_selection,source_league_full,played_any,spell_leaguemonth,expiry_bin_6m::30:36,0.012856829455605184,0.004451653391767289,2.8881020879527806,0.0038858959059351766,231753
expiry_selection,source_league_full,played_any,spell_leaguemonth,expiry_bin_6m::36:48,-0.04713606805809129,0.01072509348148971,-4.394933073491879,1.1220386592257167e-5,231753
expiry_selection,source_league_full,played_any,spell_leaguemonth,expiry_bin_6m::48+,-0.10225024052467517,0.01954832078916016,-5.230640607318787,1.7310396816185865e-7,231753
bosman_selection,source_league_full,minutes_any,spell_leaguemonth,BosmanTRUE,-0.7371046812897382,1.6305780970167103,-0.45205113612058057,0.651244117336862,231753
expiry_selection,source_league_full,minutes_any,spell_leaguemonth,expiry_bin_6m::0:6,14.884582862523738,7.462850178505982,1.9944903765311208,0.046131584666436506,231753
expiry_selection,source_league_full,minutes_any,spell_leaguemonth,expiry_bin_6m::6:12,15.612858425210021,6.6231143396180965,2.3573288372536676,0.01843033674038084,231753
expiry_selection,source_league_full,minutes_any,spell_leaguemonth,expiry_bin_6m::12:18,8.883735347405137,4.007483266506277,2.2167866355559296,0.02666504249437285,231753
expiry_selection,source_league_full,minutes_any,spell_leaguemonth,expiry_bin_6m::18:24,9.761426526866774,3.3155839495633077,2.944104771695629,0.003248003828762578,231753
expiry_selection,source_league_full,minutes_any,spell_leaguemonth,expiry_bin_6m::30:36,1.748313379116624,1.955637696024528,0.8939863363600741,0.371355474456994,231753
expiry_selection,source_league_full,minutes_any,spell_leaguemonth,expiry_bin_6m::36:48,-8.929171844372116,4.334859970650316,-2.059852430027298,0.03944418196248473,231753
expiry_selection,source_league_full,minutes_any,spell_leaguemonth,expiry_bin_6m::48+,-20.16365935523335,7.665556220890083,-2.6304235171198123,0.008543816437064904,231753
bosman_selection,source_league_full,played_tm,spell_leaguemonth,BosmanTRUE,0.017766125600322178,0.00492549662790501,3.6069714269358353,3.1163653326866226e-4,231753
expiry_selection,source_league_full,played_tm,spell_leaguemonth,expiry_bin_6m::0:6,0.16021476754578332,0.02130299290454184,7.520763315450629,6.022300779339254e-14,231753
expiry_selection,source_league_full,played_tm,spell_leaguemonth,expiry_bin_6m::6:12,0.1594352556013443,0.01969149467448163,8.096655852537074,6.462084326565106e-16,231753
expiry_selection,source_league_full,played_tm,spell_leaguemonth,expiry_bin_6m::12:18,0.07345169553958653,0.011406940768608702,6.439210742789312,1.2686241099562025e-10,231753
expiry_selection,source_league_full,played_tm,spell_leaguemonth,expiry_bin_6m::18:24,0.07436660094568023,0.010166394390236491,7.314943537612484,2.8181162835183557e-13,231753
expiry_selection,source_league_full,played_tm,spell_leaguemonth,expiry_bin_6m::30:36,0.012524588482506545,0.004755620791016219,2.6336390206230447,0.008463404141373372,231753
expiry_selection,source_league_full,played_tm,spell_leaguemonth,expiry_bin_6m::36:48,-0.036191785908162695,0.01198672839720906,-3.0193214285717396,0.0025412206671583232,231753
expiry_selection,source_league_full,played_tm,spell_leaguemonth,expiry_bin_6m::48+,-0.070075042765161355,0.02152184318321846,-3.255996346065842,0.0011345469842137773,231753
bosman_selection,source_league_full,Minutes_tm,spell_leaguemonth,BosmanTRUE,4.31476953271023,1.6970097422686805,2.5425720461344823,0.011022242427246953,231753
expiry_selection,source_league_full,Minutes_tm,spell_leaguemonth,expiry_bin_6m::0:6,28.054537221837705,7.667109069453232,3.6590763177754524,2.5471669510485854e-4,231753
expiry_selection,source_league_full,Minutes_tm,spell_leaguemonth,expiry_bin_6m::6:12,25.53239151718729,6.8457337783470305,3.7296792928094753,1.9301834307862837e-4,231753
expiry_selection,source_league_full,Minutes_tm,spell_leaguemonth,expiry_bin_6m::12:18,13.295978761622205,4.140548867639287,3.2111633473372914,0.0013270949657646072,231753
expiry_selection,source_league_full,Minutes_tm,spell_leaguemonth,expiry_bin_6m::18:24,13.381574550299208,3.4657534605499056,3.8610866879653853,1.1375259775110887e-4,231753
expiry_selection,source_league_full,Minutes_tm,spell_leaguemonth,expiry_bin_6m::30:36,2.210870651074311,1.9507790734068364,1.1333270287820194,0.2571101238227822,231753
expiry_selection,source_league_full,Minutes_tm,spell_leaguemonth,expiry_bin_6m::36:48,-7.355679432112712,4.431819132601785,-1.6597426952743035,0.09700451588454899,231753
expiry_selection,source_league_full,Minutes_tm,spell_leaguemonth,expiry_bin_6m::48+,-16.3404804240661,7.86266149039402,-2.078237813497327,0.037718530931619344,231753
bosman_selection,source_league_full,Matches_tm,spell_leaguemonth,BosmanTRUE,0.09289812728111647,0.020549918173694212,4.520608135561076,6.2528631404426344e-6,231753
expiry_selection,source_league_full,Matches_tm,spell_leaguemonth,expiry_bin_6m::0:6,0.525270435577673,0.09547652068214903,5.501566582284154,3.877866133539257e-8,231753
expiry_selection,source_league_full,Matches_tm,spell_leaguemonth,expiry_bin_6m::6:12,0.4538906452084551,0.08608182952648659,5.272781116586249,1.378030999668087e-7,231753
expiry_selection,source_league_full,Matches_tm,spell_leaguemonth,expiry_bin_6m::12:18,0.24275652258799607,0.05094534734767696,4.765038128630317,1.9206908429735137e-6,231753
expiry_selection,source_league_full,Matches_tm,spell_leaguemonth,expiry_bin_6m::18:24,0.21703449521706786,0.04363540866569265,4.973816032751088,6.698259701153278e-7,231753
expiry_selection,source_league_full,Matches_tm,spell_leaguemonth,expiry_bin_6m::30:36,0.02263744830509853,0.02313650876978388,0.9784297419437319,0.32789072756787496,231753
expiry_selection,source_league_full,Matches_tm,spell_leaguemonth,expiry_bin_6m::36:48,-0.13602999789084264,0.05434772198836999,-2.5029567553898957,0.01233538212439778,231753
expiry_selection,source_league_full,Matches_tm,spell_leaguemonth,expiry_bin_6m::48+,-0.25248943781700456,0.09739729658410444,-2.592365975979375,0.009548768189674038,231753
bosman_selection,source_league_full,played_fotmob,spell_leaguemonth,BosmanTRUE,-0.01210826013082058,0.003940139294556076,-3.073053825165534,0.0021260390147437745,164051
expiry_selection,source_league_full,played_fotmob,spell_leaguemonth,expiry_bin_6m::0:6,-0.04713582313132383,0.01922520052790155,-2.4517727689193967,0.01423698918995184,164051
expiry_selection,source_league_full,played_fotmob,spell_leaguemonth,expiry_bin_6m::6:12,-0.03994423642475826,0.01805248306925584,-2.21267269834946,0.026948778299085204,164051
expiry_selection,source_league_full,played_fotmob,spell_leaguemonth,expiry_bin_6m::12:18,-0.014322265368784651,0.010127589668674554,-1.4141830225492413,0.15734767894959278,164051
expiry_selection,source_league_full,played_fotmob,spell_leaguemonth,expiry_bin_6m::18:24,-0.014304264570819446,0.009388239745053152,-1.5236364813070142,0.1276396733712451,164051
expiry_selection,source_league_full,played_fotmob,spell_leaguemonth,expiry_bin_6m::30:36,0.005346688104967975,0.00447601591658743,1.194519457617201,0.23231078728662177,164051
expiry_selection,source_league_full,played_fotmob,spell_leaguemonth,expiry_bin_6m::36:48,0.012780435146998762,0.010330970561950823,1.2370991738249035,0.21608713110352154,164051
expiry_selection,source_league_full,played_fotmob,spell_leaguemonth,expiry_bin_6m::48+,0.002680675909821167,0.01971270986778592,0.13598718429889078,0.8918348859528449,164051
bosman_selection,source_league_full,fotmob_minutes,spell_leaguemonth,BosmanTRUE,-4.462046363037514,1.7936403788203046,-2.4877040100826937,0.012877584228966638,164051
expiry_selection,source_league_full,fotmob_minutes,spell_leaguemonth,expiry_bin_6m::0:6,-36.42503174438444,8.526697999512582,-4.27188012832947,1.961097694138195e-5,164051
expiry_selection,source_league_full,fotmob_minutes,spell_leaguemonth,expiry_bin_6m::6:12,-35.20387227907506,7.960673323517968,-4.4222229513015385,9.900152317058743e-6,164051
expiry_selection,source_league_full,fotmob_minutes,spell_leaguemonth,expiry_bin_6m::12:18,-14.187366150683035,4.516689994154121,-3.141098053894669,0.0016893868139188101,164051
expiry_selection,source_league_full,fotmob_minutes,spell_leaguemonth,expiry_bin_6m::18:24,-13.892722336350827,4.070195017254138,-3.413281741404919,6.450872389406394e-4,164051
expiry_selection,source_league_full,fotmob_minutes,spell_leaguemonth,expiry_bin_6m::30:36,0.9987818096810974,1.921718561790899,0.5197336537928358,0.6032638260044947,164051
expiry_selection,source_league_full,fotmob_minutes,spell_leaguemonth,expiry_bin_6m::36:48,11.035835715609496,4.7422686050190315,2.3271216025025656,0.01998400154615166,164051
expiry_selection,source_league_full,fotmob_minutes,spell_leaguemonth,expiry_bin_6m::48+,14.624736879764404,8.822063397159658,1.6577456113581057,0.09740862801140446,164051
